{
  "baseline_comparison": {
    "adaptive_rag": {
      "avg_processing_time": 0.4224237600962321,
      "std_processing_time": 0.04416457383711353,
      "min_processing_time": 0.38065624237060547,
      "max_processing_time": 0.4908273220062256,
      "strategy_diversity": 0.20787037037037043,
      "total_queries": 12
    },
    "naive_rag": {
      "avg_processing_time": 0.30008260409037274,
      "std_processing_time": 7.57414295491003e-06,
      "min_processing_time": 0.30007028579711914,
      "max_processing_time": 0.3000912666320801,
      "strategy_diversity": 0.0,
      "total_queries": 12
    },
    "fixed_strategy": {
      "avg_processing_time": 0.25007996956507367,
      "std_processing_time": 1.3615439949331266e-05,
      "min_processing_time": 0.2500479221343994,
      "max_processing_time": 0.25010251998901367,
      "strategy_diversity": 0.0,
      "total_queries": 12
    }
  },
  "baseline_details": {
    "adaptive_rag": [
      {
        "query": "What is the capital of France?",
        "type": "factual",
        "strategy": {
          "keyword": 0.7000000000000001,
          "dense": 0.20000000000000004,
          "web": 0.10000000000000002
        },
        "processing_time": 0.38066625595092773,
        "answer": "Simplified adaptive answer for: What is the capital of France?... (using 5 documents)"
      },
      {
        "query": "Who invented the telephone?",
        "type": "factual",
        "strategy": {
          "keyword": 0.7000000000000001,
          "dense": 0.20000000000000004,
          "web": 0.10000000000000002
        },
        "processing_time": 0.3807651996612549,
        "answer": "Simplified adaptive answer for: Who invented the telephone?... (using 5 documents)"
      },
      {
        "query": "When was Python programming language created?",
        "type": "factual",
        "strategy": {
          "keyword": 0.7000000000000001,
          "dense": 0.20000000000000004,
          "web": 0.10000000000000002
        },
        "processing_time": 0.38065624237060547,
        "answer": "Simplified adaptive answer for: When was Python programming language created?... (using 5 documents)"
      },
      {
        "query": "How does machine learning work?",
        "type": "reasoning",
        "strategy": {
          "keyword": 0.30000000000000004,
          "dense": 0.6000000000000001,
          "web": 0.10000000000000002
        },
        "processing_time": 0.4608025550842285,
        "answer": "Simplified adaptive answer for: How does machine learning work?... (using 5 documents)"
      },
      {
        "query": "Why is renewable energy important?",
        "type": "reasoning",
        "strategy": {
          "keyword": 0.30000000000000004,
          "dense": 0.6000000000000001,
          "web": 0.10000000000000002
        },
        "processing_time": 0.46083664894104004,
        "answer": "Simplified adaptive answer for: Why is renewable energy important?... (using 5 documents)"
      },
      {
        "query": "Explain the process of photosynthesis",
        "type": "reasoning",
        "strategy": {
          "keyword": 0.30000000000000004,
          "dense": 0.6000000000000001,
          "web": 0.10000000000000002
        },
        "processing_time": 0.4608325958251953,
        "answer": "Simplified adaptive answer for: Explain the process of photosynthesis... (using 5 documents)"
      },
      {
        "query": "Compare Python and Java programming languages",
        "type": "comparison",
        "strategy": {
          "keyword": 0.35000000000000003,
          "dense": 0.35000000000000003,
          "web": 0.30000000000000004
        },
        "processing_time": 0.4908273220062256,
        "answer": "Simplified adaptive answer for: Compare Python and Java programming languages... (using 5 documents)"
      },
      {
        "query": "What's the difference between AI and ML?",
        "type": "comparison",
        "strategy": {
          "keyword": 0.7000000000000001,
          "dense": 0.20000000000000004,
          "web": 0.10000000000000002
        },
        "processing_time": 0.38072657585144043,
        "answer": "Simplified adaptive answer for: What's the difference between AI and ML?... (using 5 documents)"
      },
      {
        "query": "Compare renewable vs fossil fuels",
        "type": "comparison",
        "strategy": {
          "keyword": 0.35000000000000003,
          "dense": 0.35000000000000003,
          "web": 0.30000000000000004
        },
        "processing_time": 0.4907219409942627,
        "answer": "Simplified adaptive answer for: Compare renewable vs fossil fuels... (using 5 documents)"
      },
      {
        "query": "List the top 5 programming languages",
        "type": "enumeration",
        "strategy": {
          "keyword": 0.6000000000000001,
          "dense": 0.30000000000000004,
          "web": 0.10000000000000002
        },
        "processing_time": 0.400775671005249,
        "answer": "Simplified adaptive answer for: List the top 5 programming languages... (using 5 documents)"
      },
      {
        "query": "Name three types of machine learning",
        "type": "enumeration",
        "strategy": {
          "keyword": 0.6000000000000001,
          "dense": 0.30000000000000004,
          "web": 0.10000000000000002
        },
        "processing_time": 0.400728702545166,
        "answer": "Simplified adaptive answer for: Name three types of machine learning... (using 5 documents)"
      },
      {
        "query": "What are the benefits of cloud computing?",
        "type": "enumeration",
        "strategy": {
          "keyword": 0.7000000000000001,
          "dense": 0.20000000000000004,
          "web": 0.10000000000000002
        },
        "processing_time": 0.38074541091918945,
        "answer": "Simplified adaptive answer for: What are the benefits of cloud computing?... (using 5 documents)"
      }
    ],
    "naive_rag": [
      {
        "query": "What is the capital of France?",
        "type": "factual",
        "strategy": {
          "keyword": 1.0,
          "dense": 0.0,
          "web": 0.0
        },
        "processing_time": 0.3000912666320801,
        "answer": "Naive RAG answer for: What is the capital of France?..."
      },
      {
        "query": "Who invented the telephone?",
        "type": "factual",
        "strategy": {
          "keyword": 1.0,
          "dense": 0.0,
          "web": 0.0
        },
        "processing_time": 0.30008673667907715,
        "answer": "Naive RAG answer for: Who invented the telephone?..."
      },
      {
        "query": "When was Python programming language created?",
        "type": "factual",
        "strategy": {
          "keyword": 1.0,
          "dense": 0.0,
          "web": 0.0
        },
        "processing_time": 0.30007076263427734,
        "answer": "Naive RAG answer for: When was Python programming language created?..."
      },
      {
        "query": "How does machine learning work?",
        "type": "reasoning",
        "strategy": {
          "keyword": 1.0,
          "dense": 0.0,
          "web": 0.0
        },
        "processing_time": 0.3000907897949219,
        "answer": "Naive RAG answer for: How does machine learning work?..."
      },
      {
        "query": "Why is renewable energy important?",
        "type": "reasoning",
        "strategy": {
          "keyword": 1.0,
          "dense": 0.0,
          "web": 0.0
        },
        "processing_time": 0.3000907897949219,
        "answer": "Naive RAG answer for: Why is renewable energy important?..."
      },
      {
        "query": "Explain the process of photosynthesis",
        "type": "reasoning",
        "strategy": {
          "keyword": 1.0,
          "dense": 0.0,
          "web": 0.0
        },
        "processing_time": 0.30008649826049805,